{
  "installCorePackages": true,
  "installJupyterSupport": true,
  "conda": true,
  "creationTag": {
    "versionNumber": 0,
    "lastModifiedBy": {
      "login": "admin"
    },
    "lastModifiedOn": 1579788819455
  },
  "versionTag": {
    "versionNumber": 0,
    "lastModifiedBy": {
      "login": "admin"
    },
    "lastModifiedOn": 1579788819455
  },
  "deploymentMode": "DESIGN_MANAGED",
  "envSettings": {
    "inheritGlobalSettings": true,
    "condaInstallExtraOptions": [],
    "condaCreateExtraOptions": [],
    "pipInstallExtraOptions": [],
    "virtualenvCreateExtraOptions": [],
    "cranMirrorURL": "https://cloud.r-project.org"
  },
  "usableByAll": true,
  "permissions": [],
  "allContainerConfs": false,
  "containerConfs": [],
  "allSparkKubernetesConfs": false,
  "sparkKubernetesConfs": []
}